{"cameraMode":{"drawMode":0,"name":"Shaded","section":"Shading Mode"},"sceneLighting":true,"audioPlay":false,"sceneViewState":{"m_AlwaysRefresh":false,"showFog":true,"showSkybox":true,"showFlares":true,"showImageEffects":true,"showParticleSystems":true,"showVisualEffectGraphs":true,"m_FxEnabled":true},"in2DMode":false,"pivot":{"x":122.36470794677735,"y":61.120975494384769,"z":94.13822937011719},"rotation":{"x":-0.47560372948646548,"y":-0.05745494365692139,"z":0.031150126829743387,"w":-0.8772274851799011},"size":15.749432563781739,"orthographic":false}